Echo Wells,accumsan.neque@acmetus.com,800000079,94
Candace Bishop,adipiscing@bibendum.com,800000057,49
Conan Daugherty,aliquam.arcu.Aliquam@nequenon.net,800000053,96
Emmanuel Chan,arcu.Vestibulum@Etiamvestibulummassa.com,800000062,41
Beatrice Morgan,augue@tempus.edu,800000055,47
Ursula Dickson,congue.In@velsapien.com,800000051,60
Donna Dennis,consectetuer@turpis.net,800000021,64
Tarik Sargent,cubilia.Curae@vehiculaet.edu,800000009,73
Kiona Santana,Cum.sociis.natoque@tristiquealiquetPhasellus.co.uk,800000069,68
Travis House,Donec.at@risusMorbi.net,800000046,40
Barbara Walter,Donec@placeratvelitQuisque.edu,800000005,84
Echo Haynes,dui.in.sodales@eget.net,800000074,64
Keely Graham,dui@anteipsumprimis.co.uk,800000043,47
Taylor Roberson,Duis.mi.enim@aceleifendvitae.edu,800000052,72
Deacon Richards,eget.dictum@eget.com,800000066,90
Mikayla Grant,eget.dictum@tincidunttempusrisus.edu,800000044,37
Vance Everett,elit.pellentesque@bibendum.edu,800000050,77
Barbara Walter,Donec@placeratvelitQuisque.edu,800000005,34
Basia Burch,ut.aliquam@Quisque.edu,800000061,11
Basil Moon,Donec.nibh@Donecnonjusto.org,800000081,23
Beatrice Morgan,augue@tempus.edu,800000055,14
Bertha Rodriguez,Duis.volutpat.nunc@uteros.ca,800000032,34
Branden Rasmussen,nisl@eu.ca,800000077,21
Candace Bishop,adipiscing@bibendum.com,800000057,61
Carson Thompson,Suspendisse.aliquet.sem@turpis.edu,800000049,97
Cathleen Bowen,habitant@elementumpurusaccumsan.ca,800000020,74
Celeste Nguyen,Sed.nulla@Fusce.net,800000094,83
Chadwick Clarke,et@viverra.edu,800000073,67
Charles Mercado,vitae@sapienNuncpulvinar.ca,800000030,67
Chiquita Beard,erat@aliquamerosturpis.edu,800000056,35
Clayton Herman,eu.lacus.Quisque@fames.net,800000006,62